Epoch,Generator Loss,Discriminator Loss
0,0.34528881311416626,0.005775332450866699
1,0.301601767539978,-0.03967022895812988
2,0.47123196721076965,-0.04078981280326843
3,0.3171129524707794,0.02818959951400757
4,0.3122120797634125,-0.014021724462509155
5,0.32856088876724243,-0.0713123083114624
6,0.21373984217643738,0.03509032726287842
7,0.23506605625152588,0.05286061763763428
8,0.22403055429458618,-0.008119285106658936
9,0.33343467116355896,-0.018823176622390747
10,0.37654900550842285,-0.17005574703216553
11,0.3273010849952698,-0.13482391834259033
12,0.15957733988761902,-0.003554016351699829
13,0.16432881355285645,-0.08128277957439423
14,0.11519095301628113,0.1227569729089737
15,0.3791517913341522,0.10853341221809387
16,0.332511842250824,0.1158718466758728
17,0.19852983951568604,0.050056636333465576
18,0.19788241386413574,0.13974758982658386
19,0.24652494490146637,0.035084694623947144
20,0.1522795557975769,-0.075436532497406
21,0.06679707765579224,0.34210994839668274
22,0.13140055537223816,-0.053913623094558716
23,0.30854570865631104,-0.02647578716278076
24,0.22904185950756073,-0.05776199698448181
25,0.024699509143829346,-0.23316510021686554
26,0.13787369430065155,-0.04578518867492676
27,0.20408222079277039,0.18922799825668335
28,0.060221582651138306,-0.3184168040752411
29,0.14147156476974487,-0.1814204454421997
30,0.08690360188484192,0.20259322226047516
31,-0.059925585985183716,-0.4233262538909912
32,0.19614358246326447,-0.11776550114154816
33,0.2328263223171234,0.025189489126205444
34,0.07495951652526855,-0.011123888194561005
35,0.1707361787557602,-0.05099421739578247
36,-0.04087923467159271,0.18986964225769043
37,0.014811873435974121,-0.07223653793334961
38,0.0064852237701416016,-0.12343986332416534
39,-0.04915034770965576,-0.14241741597652435
40,-0.013964235782623291,0.09095168113708496
41,0.07857753336429596,-0.004486978054046631
42,-0.019750773906707764,-0.17421944439411163
43,0.08578948676586151,0.7741347551345825
44,-0.06483849883079529,0.6142277717590332
45,0.05098538100719452,0.25517499446868896
46,0.11918866634368896,0.4576965272426605
47,-0.1388522833585739,0.046984195709228516
48,-0.2714335322380066,-0.05713866651058197
49,0.009592026472091675,-0.1148180142045021
50,0.4038616418838501,0.4289558231830597
51,0.03741636872291565,0.41824620962142944
52,-0.23198960721492767,-0.013382449746131897
53,-0.08313535153865814,0.10950300097465515
54,-0.13826030492782593,0.6085216999053955
55,0.1967950463294983,0.4069066345691681
56,-0.01334284245967865,0.001247752457857132
57,-0.11223788559436798,-0.24072788655757904
58,0.051501236855983734,0.060105934739112854
59,0.15416409075260162,0.21326801180839539
60,-0.2539348602294922,-0.1859845519065857
61,-0.04976300895214081,0.10130763053894043
62,-0.05674128234386444,-0.07253364473581314
63,-0.10953055322170258,0.25594672560691833
64,-0.24890431761741638,0.27676475048065186
65,0.03227115422487259,0.34315887093544006
66,-0.049521252512931824,0.3292403817176819
67,-0.3266887962818146,0.26595962047576904
68,-0.281246542930603,0.04532770439982414
69,-0.0606854110956192,0.3215075731277466
70,0.0014038905501365662,0.3265366852283478
71,-0.019956976175308228,-0.00974118709564209
72,-0.04602457582950592,0.24325969815254211
73,0.215585395693779,-0.2878202497959137
74,0.010679550468921661,-0.08902508020401001
75,0.06904436647891998,-0.11983183771371841
76,-0.07002343237400055,0.16978663206100464
77,-0.0851907730102539,0.24591362476348877
78,-0.12398321181535721,-0.41399192810058594
79,-0.008309945464134216,0.27548614144325256
80,-0.2794623076915741,0.19110503792762756
81,-0.15972402691841125,-0.1696651726961136
82,0.023395277559757233,-0.3956570625305176
83,-0.03378702700138092,-0.14271682500839233
84,-0.039459846913814545,-0.31629234552383423
85,-0.011470802128314972,-0.3377901315689087
86,0.35457128286361694,0.21402433514595032
87,-0.06826873123645782,0.3176155090332031
88,-0.10641849040985107,0.3528720736503601
89,0.3107987642288208,0.08365955948829651
90,0.06641657650470734,-0.29028064012527466
91,-0.046535905450582504,-0.15845756232738495
92,-0.08192895352840424,-0.28346118330955505
93,-0.04140953719615936,0.09828843176364899
94,-0.14397940039634705,-0.0563911497592926
95,0.22308871150016785,-0.26306501030921936
96,-0.11909991502761841,-0.04024868458509445
97,-0.11242471635341644,0.09914223849773407
98,0.10470238327980042,-0.43057680130004883
99,-0.00045124441385269165,-0.05857117846608162
100,0.2054871767759323,-0.03818698227405548
101,0.47902876138687134,-0.598274827003479
102,0.10828495025634766,-0.25179046392440796
103,0.10881879925727844,-0.2288636714220047
104,0.0518517792224884,0.09394620358943939
105,-0.061495669186115265,-0.19346734881401062
106,0.12952172756195068,-0.2017148733139038
107,-0.22525668144226074,-0.8920844197273254
108,0.13850268721580505,-1.3035404682159424
109,0.08906718343496323,-0.2420269399881363
110,-0.2958119809627533,-0.09624695777893066
111,-0.08931563794612885,-0.256306529045105
112,-0.10288915038108826,-0.22878655791282654
113,-0.20255738496780396,-0.21142154932022095
114,-0.16562232375144958,-0.30356842279434204
115,0.45839205384254456,0.36179667711257935
116,-0.18323984742164612,-0.03381285071372986
117,-0.09133681654930115,-0.34950321912765503
118,0.4840494990348816,0.5575539469718933
119,0.02201583981513977,0.34941887855529785
120,0.21033401787281036,0.26040059328079224
121,0.0852450430393219,0.5968237519264221
122,-0.14030052721500397,-0.12476976215839386
123,0.045634251087903976,0.3902093470096588
124,0.32276788353919983,-0.2924921214580536
125,0.06475015729665756,-0.33476099371910095
126,-0.04591066390275955,0.23767554759979248
127,0.19242918491363525,0.11704245209693909
128,-0.05879965424537659,-0.008234210312366486
129,0.005518946796655655,-0.326619952917099
130,-0.18417935073375702,0.44074946641921997
131,0.10214616358280182,0.33008837699890137
132,-0.019900377839803696,0.14597275853157043
133,-0.2808893918991089,-0.2228565514087677
134,0.06135863810777664,-0.11787666380405426
135,-0.11428849399089813,-0.21908514201641083
136,0.12426061183214188,0.15791209042072296
137,0.15097612142562866,-0.11658352613449097
138,0.24808700382709503,0.779301106929779
139,-0.23894274234771729,-0.2558041214942932
140,0.43560338020324707,0.08479606360197067
141,-0.15329618752002716,-0.670471727848053
142,-0.49708399176597595,-0.5375950336456299
143,-0.1631816029548645,0.4664616882801056
144,-0.264604777097702,0.32360002398490906
145,-0.07253231853246689,0.2391321361064911
146,0.03277374058961868,0.10137468576431274
147,0.005460647866129875,-0.25371167063713074
148,-0.1905580312013626,0.2229558825492859
149,-0.1984352171421051,-0.27909648418426514
150,0.22556084394454956,-0.08410553634166718
151,-0.04098238795995712,0.08909367769956589
152,-0.13689911365509033,-0.2229672074317932
153,0.057795703411102295,0.41996288299560547
154,-0.89835125207901,0.39404165744781494
155,-0.09363587200641632,0.2422168254852295
156,-0.3316792845726013,-0.531984806060791
157,-0.2456483393907547,-0.08951607346534729
158,0.09408096969127655,-0.035026490688323975
159,-0.10743298381567001,-0.02559584379196167
160,-0.38407355546951294,-0.18937617540359497
161,0.01930457539856434,0.1289963722229004
162,-0.4100501239299774,-0.5188588500022888
163,-0.20380091667175293,0.37974435091018677
164,-0.1756468266248703,0.2943081259727478
165,0.11968857795000076,-0.06611630320549011
166,0.03681844472885132,-0.10997077077627182
167,-0.22295299172401428,-0.07539498060941696
168,-0.15829336643218994,0.10095040500164032
169,0.17013514041900635,-0.3710869252681732
170,-0.15840478241443634,0.6227318644523621
171,-0.08430387824773788,-0.3451841473579407
172,-0.11409568786621094,0.3625344932079315
173,-0.16570265591144562,-0.833783745765686
174,-0.09564580768346786,0.2768072187900543
175,0.02710404060781002,-0.30603867769241333
176,-0.24409160017967224,-0.16015177965164185
177,0.1039755567908287,0.48244935274124146
178,0.032397545874118805,-0.25249263644218445
179,-0.23457013070583344,0.28492727875709534
180,-0.14503931999206543,-0.30106914043426514
181,-0.18186306953430176,0.1744680106639862
182,-0.14867199957370758,-0.5024464130401611
183,-0.0851031020283699,-0.12707455456256866
184,-0.19572813808918,-0.07258307933807373
185,0.2196006178855896,-0.12165558338165283
186,0.20951806008815765,-0.24167293310165405
187,-0.06017249822616577,-0.19905181229114532
188,0.06444910168647766,0.11834889650344849
189,-0.06919170171022415,-0.057149484753608704
190,0.10623769462108612,-0.17275872826576233
191,-0.06688986718654633,0.18182975053787231
192,-0.139434352517128,-0.5002984404563904
193,0.03128519281744957,-0.2667093575000763
194,0.12405305355787277,-0.19890213012695312
195,-0.40587177872657776,0.2646370828151703
196,0.2049458920955658,0.006210628896951675
197,-0.3499678373336792,-0.9358837604522705
198,-0.013160229660570621,0.5276087522506714
199,-0.2711186707019806,0.2151281237602234
200,-0.1794067919254303,0.26524996757507324
201,0.07248913496732712,0.07701332867145538
202,-0.1842058151960373,-0.19825749099254608
203,-0.019299395382404327,-0.5637351274490356
204,-0.151372492313385,-1.0743424892425537
205,0.07199236750602722,-0.2344817966222763
206,-0.23361344635486603,-0.8793623447418213
207,-0.07990682125091553,0.6049277782440186
208,-0.0067070964723825455,-0.48309630155563354
209,-0.04442143067717552,0.13242758810520172
210,-0.10142156481742859,-0.36937063932418823
211,-0.049880094826221466,-0.07475771754980087
212,-0.10283039510250092,-0.6590882539749146
213,-0.06634325534105301,0.6703876256942749
214,0.7324203848838806,-0.40911224484443665
215,-0.17800435423851013,0.11870138347148895
216,-0.18042618036270142,0.6821289658546448
217,0.13257192075252533,-0.21804535388946533
218,-0.09243664145469666,-0.894339382648468
219,0.1440543681383133,0.1972697675228119
220,0.03469674661755562,-0.056292787194252014
221,-0.13432371616363525,-0.3813706040382385
222,-0.2964016795158386,-0.5064538717269897
223,0.26463714241981506,0.15471595525741577
224,-0.12780848145484924,-0.17349708080291748
225,-0.17706170678138733,0.20609046518802643
226,-0.6425133347511292,-0.0711638480424881
227,0.07179059088230133,0.3195940852165222
228,0.0300852470099926,0.02562326192855835
229,0.41926053166389465,-0.3099806308746338
230,-0.2022792100906372,0.08645489811897278
231,-0.20507660508155823,-0.29894858598709106
232,-0.15283377468585968,-0.2827287018299103
233,0.03673604503273964,0.4764614999294281
234,-0.5606454610824585,0.24657651782035828
235,0.11590106785297394,-0.23071074485778809
236,-0.2508929967880249,-0.5411326885223389
237,-0.231266587972641,-0.6875066757202148
238,-0.10583403706550598,-0.6681038737297058
239,-0.2952801287174225,0.3302210569381714
240,-0.0778905376791954,0.05008918046951294
241,-0.17787368595600128,-0.5012083053588867
242,-0.34491488337516785,-0.36504244804382324
243,-0.27218523621559143,0.1279032677412033
244,-0.5550762414932251,0.24002718925476074
245,0.0913376659154892,0.4334298372268677
246,-0.2197740226984024,0.19967660307884216
247,-0.4199746251106262,0.12446948140859604
248,-0.18425844609737396,0.16505104303359985
249,0.0891948714852333,0.14751164615154266
250,0.2920167148113251,-1.101815938949585
251,0.06498611718416214,-0.248771071434021
252,-0.3448895215988159,0.4535446763038635
253,-0.5429816842079163,-0.3877250850200653
254,-0.3254026174545288,0.5206128358840942
255,-0.30082350969314575,0.22647246718406677
256,0.003175528487190604,-0.054701775312423706
257,-0.6000917553901672,-0.11142116785049438
258,-1.0941340923309326,0.06553018093109131
259,-0.24801722168922424,0.42609015107154846
260,-0.5801717638969421,0.25681397318840027
261,-0.32164978981018066,-1.310639500617981
262,0.22294002771377563,-0.01071825623512268
263,0.04216920956969261,-0.0070466548204422
264,-0.33476564288139343,0.2957470417022705
265,0.30270034074783325,0.23429374396800995
266,-0.21589718759059906,-0.5108547210693359
267,-0.10614331066608429,0.20105606317520142
268,-0.15754997730255127,-0.3006405234336853
269,0.3800014853477478,-0.014803996309638023
270,-0.01050152163952589,0.07842952013015747
271,-0.5780209898948669,-0.2139085978269577
272,-0.4886520504951477,-0.00946858525276184
273,-0.11041312664747238,0.08672390878200531
274,-0.2079734206199646,0.03263133764266968
275,0.22524170577526093,0.21795374155044556
276,0.06721749156713486,0.29978933930397034
277,-0.4064881503582001,-0.15156854689121246
278,0.09824489057064056,-0.0029557645320892334
279,0.2715076208114624,0.0936058759689331
280,-0.22167187929153442,0.29848718643188477
281,-0.019812950864434242,-0.5055779218673706
282,-0.22553114593029022,-0.1828320026397705
283,0.02051423117518425,0.16040676832199097
284,0.1729092001914978,0.028006359934806824
285,-0.12310735136270523,0.08883442729711533
286,0.08041038364171982,-0.40982067584991455
287,-0.05107545852661133,0.14451107382774353
288,0.034421615302562714,-0.06325352191925049
289,-0.833378791809082,-0.679856538772583
290,-0.32812291383743286,-1.213960886001587
291,-0.11585962772369385,-0.12067100405693054
292,-0.22903048992156982,-0.1019902229309082
293,-0.3413936495780945,-0.4116445779800415
294,0.04665316641330719,0.2355329692363739
295,-0.016358928754925728,-0.006148248910903931
296,-0.13764335215091705,-0.8365254998207092
297,-0.32676705718040466,0.8994039297103882
298,-0.09972720593214035,-0.04155316948890686
299,-0.23870351910591125,0.10945174098014832
